"path","md5","auth md5"
"/__init__.py",e54925e1ed3818adfd6c00bffa62f89d,07f2dead3bac69c65db162b2f4aba71c
"/docs/index.txt",2926e71550f30306db43f40a43ceb630,3e6a1c51300e932fa2a9f4a19027c6aa
"/docs/introduction.txt",8e48d5aefc2650742816b7a2076dc6d4,bb782cca5c7a095fea2e040ad905a458
"/lib.ini",afa895b5ab07e060702047525e67e4c1,0744ad0db68f9c797ceba8ed7e70f72a
"/locale/readme.txt",06c4fce01453459edb43d2857ebcc873,c44a09c4f28517782589988dd758c62e
"/logic/admin.xml",cbc6f9850de8d872d14607057d296816,34170083bced7e7152a56f97de053638
"/logic/content.xml",f0db14dc255a71c6a022f7572dda5a2d,f71ca7098b30823b1ceee4a590bfcc26
"/logic/forms.xml",2a7c37d71d76b21d559536457fd18fc6,30a44c9f7bb6d28d5ff748ebb7a764ed
"/logic/macros.xml",13ca99d7597d9d176664de2fe92a73ad,f753fe480b4f2e2c68361e204b3c4455
"/logic/models.xml",5038841e1621c5c9644a7c640ce25007,b2875df082c141bea93530311044b950
"/logic/mountpoints.xml",2e1f62755927b9e71316e2d2eb057a6d,72bc4fcb3974c331e7ae57def4d273c6
"/logic/rpc.xml",0cbfde07508e4d9c1ffae95712ba5702,1bae3f35859ba9ba5db0576d96dc2b1b
"/logic/signals.xml",b6fff350b0ceec108a11816c9e86ed64,ece7ba627fc95e33795cdfb1f795971c
"/logic/tags.xml",1c9ee51cf107d6d9e691fbe08c215757,9813084b4864bf0daa03d4c445df3f91
"/logic/thumbs.xml",3ee6909f72be4c4ff3407c79eb4934d5,15f432893e055100fba94d4fb2c2e0de
"/logic/views.xml",dff8ebae46374832591585675231d953,f5f571ebed323cc129f6cb686f4bf16d
"/logic/widgets.xml",f4e6b243baa8b2be3cb78932af7b8517,8196be6acbf40743dc91bd1d04678e77
"/media/css/imglib.css",f30ca2960abed19e32d358e6bb290c7d,62e956ebb247e81c9aa7b21c92b18407
"/media/img/shade.png",1438aecffe8e9e6293165a3449332b71,68d9390d8aaade540b7ca482b0ab2290
"/media/img/transparent.png",b94fff9f5d1e04324e3a735acfbe055e,640daccbafb6ab6434d18cebf7875b74
"/media/js/imglib.js",779c76104a75492473412043fd19e9e3,6adc71305a19eec03d09ba259c92d9fb
"/media/readme.txt",ca958e537f29bc260e179537ce151dba,77e93fe2d9cd8aa606d603a8dbe35e93
"/templates/moya.imagelib/base.html",2a1af9c87fffe8bc2ebf710dfc14f133,574401a6d0c7ac8f895eaa32dd6fbfdc
"/templates/moya.imagelib/emptyoption.html",1357827c4a575bbed3baf5ac4bbcf445,89b2bcf992c9a61f125229c1148495e9
"/templates/moya.imagelib/imglist.html",06136f372508f942f8dabc3e39dc8470,c766f3e1f4bf523a02e6cf1fa3a2eaa3
"/templates/moya.imagelib/managerbase.html",1cf4e316f3730570ee841a13e70cdb53,a71e66b81c795b3420dc1b6d131a4e18
"/templates/moya.imagelib/option.html",a2e67beb3412f53effe9f493d45bfc09,33ec15e067cc303917fe8292c36e42d1
"/templates/moya.imagelib/widgets/manager/fragments/progress.html",e0634e6ab9340a7138a2c416af950e38,6d7a8e22ebe452d5a23bee51533bcab0
"/templates/moya.imagelib/widgets/manager/image_form.html",b317c69d75e95f82419d3ad26b22e826,448ba0f0a5089d7bbc62b10757facf74
"/templates/moya.imagelib/widgets/manager/manager.html",eecd0595d6ee4fe83519c6f7ada4b094,d607f876830b6bf5209ddcf1c3c699d7
"/templates/moya.imagelib/widgets/manager/manager_image.html",573f3b8099f1793ba3c04aed91a4d85f,4ac18265cd79ef05a890590964d3a10e
"/templates/moya.imagelib/widgets/picker/picker.html",539c2198082b14a19470da2f04167d80,a6c37eb6c80a6cac6a46e30cf011e5f9
"/templates/moya.imagelib/widgets/readme.txt",3dbbc17a918596cb8b229d7d55bb33b9,e155f352f63950a54b4ac0bfa6bd35a8
"/templates/moya.imagelib/widgets/uploader/uploader.html",790928a80a6595b9b95c4ed72b65143a,f338b05277906e33eec5ae7b5d6af8de
"/templates/moya.imagelib/widgets/uploader/uploader_image.html",06d7ca80285abfd4182e6b43e9e2f4b4,0afe54faa987820acc99cf55366ffe94