"path","md5","auth md5"
"/__init__.py",e54925e1ed3818adfd6c00bffa62f89d,07f2dead3bac69c65db162b2f4aba71c
"/lib.ini",40674a2ac43cb180ba9f8c58b137b1be,de24efeb9ca338ebbb31782eac00b5cd
"/templates/moya.imagelib/base.html",2a1af9c87fffe8bc2ebf710dfc14f133,574401a6d0c7ac8f895eaa32dd6fbfdc
"/templates/moya.imagelib/emptyoption.html",1357827c4a575bbed3baf5ac4bbcf445,89b2bcf992c9a61f125229c1148495e9
"/templates/moya.imagelib/imglist.html",06136f372508f942f8dabc3e39dc8470,c766f3e1f4bf523a02e6cf1fa3a2eaa3
"/templates/moya.imagelib/managerbase.html",1cf4e316f3730570ee841a13e70cdb53,a71e66b81c795b3420dc1b6d131a4e18
"/templates/moya.imagelib/option.html",a2e67beb3412f53effe9f493d45bfc09,33ec15e067cc303917fe8292c36e42d1
"/templates/moya.imagelib/widgets/readme.txt",3dbbc17a918596cb8b229d7d55bb33b9,e155f352f63950a54b4ac0bfa6bd35a8
"/templates/moya.imagelib/widgets/picker/picker.html",539c2198082b14a19470da2f04167d80,a6c37eb6c80a6cac6a46e30cf011e5f9
"/templates/moya.imagelib/widgets/manager/image_form.html",a3cf7d4242f6abb7ff744f02830f02c5,6e87cf185adc25f9f3ad82677189bd55
"/templates/moya.imagelib/widgets/manager/manager.html",89443bb7d7559a2928e14053a1f7873c,b8b101b8e5c85b8405b9a7e35dabcaf4
"/templates/moya.imagelib/widgets/manager/manager_image.html",a6d7698bdc7c96797a39cf33d2243d87,5511908dcbbb173f13d581d484348030
"/media/readme.txt",ca958e537f29bc260e179537ce151dba,77e93fe2d9cd8aa606d603a8dbe35e93
"/media/js/imglib.js",c70d3360656ec881f41ddece1cda57cf,05634b4d53613edae6eca9789dc16ec4
"/media/img/shade.png",1438aecffe8e9e6293165a3449332b71,68d9390d8aaade540b7ca482b0ab2290
"/media/img/transparent.png",b94fff9f5d1e04324e3a735acfbe055e,640daccbafb6ab6434d18cebf7875b74
"/media/css/imglib.css",978e1c78497a950f82a5d9850870262f,9f4bb6a287c342e07d6e84556ad22b4e
"/logic/admin.xml",cbc6f9850de8d872d14607057d296816,34170083bced7e7152a56f97de053638
"/logic/content.xml",207535d01803c58c43bdef5d3fe5a5fe,d8530a0b70de0d3ae228b21d916ec2bb
"/logic/forms.xml",6d485cf3ef4bf8a112039924790e3a82,dd8d7c6d76abe5bbd716f4ec323df151
"/logic/models.xml",42fbf88ca596098d8f43bd4efa59198a,14baa49e6c5decda0296d7c8e7cc6ad5
"/logic/mountpoints.xml",b8ff59ae6892650f08b17399c06fd71b,c40c78739b8b2638a2d67a66e1537ef5
"/logic/readme.txt",c9b6ae3a72d38bce525f828d88a29f78,6c8d877e335ec732a80091f9f7990aa9
"/logic/rpc.xml",b031a5a35b888b559d19605989aec926,64d80e44db12e95fc75b6b1e026693d9
"/logic/signals.xml",a6f14d6713963ad7b806070c70853725,d82f3877552ecb3eb9d5e54b7be8f4ab
"/logic/tags.xml",1c9ee51cf107d6d9e691fbe08c215757,9813084b4864bf0daa03d4c445df3f91
"/logic/thumbs.xml",ca480911117142b7620f6602b70e4931,2a0c1b6a747f5c15447fa8999f8937b7
"/logic/views.xml",889e1c7f29fcfe4d70670bd86f12886b,64e729adf23ba13b2b11e84049d8816f
"/logic/widgets.xml",fa192bb42b1056a50ae1d620416a6f88,768708367c0911b147e46cd17ff81de9
"/locale/readme.txt",06c4fce01453459edb43d2857ebcc873,c44a09c4f28517782589988dd758c62e
"/docs/index.txt",2926e71550f30306db43f40a43ceb630,3e6a1c51300e932fa2a9f4a19027c6aa
"/docs/introduction.txt",8e48d5aefc2650742816b7a2076dc6d4,bb782cca5c7a095fea2e040ad905a458